<?xml version="1.0" encoding="UTF-8"?>
<project-private xmlns="http://www.netbeans.org/ns/project-private/1">
    <editor-bookmarks xmlns="http://www.netbeans.org/ns/editor-bookmarks/2" lastBookmarkId="0"/>
    <open-files xmlns="http://www.netbeans.org/ns/projectui-open-files/2">
        <group>
            <file>file:/C:/Users/Ratan%20Chowdhury/Desktop/Final%20algorithm%20project%20-%20Copy/snake%20and%20ladder/Snake_Ladders/src/snake/ladders/SnakeLadders.java</file>
            <file>file:/C:/Users/Ratan%20Chowdhury/Desktop/Final%20algorithm%20project%20-%20Copy/snake%20and%20ladder/Snake_Ladders/src/snake/ladders/decryptPass.java</file>
            <file>file:/C:/Users/Ratan%20Chowdhury/Desktop/Final%20algorithm%20project%20-%20Copy/snake%20and%20ladder/Snake_Ladders/src/snake/ladders/encryptPass.java</file>
            <file>file:/C:/Users/Ratan%20Chowdhury/Desktop/Final%20algorithm%20project%20-%20Copy/snake%20and%20ladder/Snake_Ladders/src/snake/ladders/login.java</file>
            <file>file:/C:/Users/Ratan%20Chowdhury/Desktop/Final%20algorithm%20project%20-%20Copy/snake%20and%20ladder/Snake_Ladders/src/snake/ladders/color.java</file>
            <file>file:/C:/Users/Ratan%20Chowdhury/Desktop/Final%20algorithm%20project%20-%20Copy/snake%20and%20ladder/Snake_Ladders/src/snake/ladders/ladder.java</file>
            <file>file:/C:/Users/Ratan%20Chowdhury/Desktop/Final%20algorithm%20project%20-%20Copy/snake%20and%20ladder/Snake_Ladders/src/snake/ladders/shortestWayToWin.java</file>
            <file>file:/C:/Users/Ratan%20Chowdhury/Desktop/Final%20algorithm%20project%20-%20Copy/snake%20and%20ladder/Snake_Ladders/src/snake/ladders/createAccount.java</file>
            <file>file:/C:/Users/Ratan%20Chowdhury/Desktop/Final%20algorithm%20project%20-%20Copy/snake%20and%20ladder/Snake_Ladders/src/snake/ladders/JDBC.java</file>
            <file>file:/C:/Users/Ratan%20Chowdhury/Desktop/Final%20algorithm%20project%20-%20Copy/snake%20and%20ladder/Snake_Ladders/src/snake/ladders/wait.java</file>
            <file>file:/C:/Users/Ratan%20Chowdhury/Desktop/Final%20algorithm%20project%20-%20Copy/snake%20and%20ladder/Snake_Ladders/src/snake/ladders/Board.java</file>
            <file>file:/C:/Users/Ratan%20Chowdhury/Desktop/Final%20algorithm%20project%20-%20Copy/snake%20and%20ladder/Snake_Ladders/src/snake/ladders/player.java</file>
            <file>file:/C:/Users/Ratan%20Chowdhury/Desktop/Final%20algorithm%20project%20-%20Copy/snake%20and%20ladder/Snake_Ladders/src/snake/ladders/snake.java</file>
            <file>file:/C:/Users/Ratan%20Chowdhury/Desktop/Final%20algorithm%20project%20-%20Copy/snake%20and%20ladder/Snake_Ladders/src/snake/ladders/Game.java</file>
        </group>
    </open-files>
</project-private>
